{"count":1,"self":129.64997119999998,"total":131.2086682,"children":{"InitializeActuators":{"count":4,"self":0.0019925999999999998,"total":0.0019925999999999998,"children":null},"InitializeSensors":{"count":4,"self":0.0020161,"total":0.0020161,"children":null},"AgentSendState":{"count":6307,"self":0.1861525,"total":0.22425579999999998,"children":{"CollectObservations":{"count":5048,"self":0.014536599999999998,"total":0.014536599999999998,"children":null},"WriteActionMask":{"count":5048,"self":0.0029896999999999996,"total":0.0029896999999999996,"children":null},"RequestDecision":{"count":5048,"self":0.020576999999999998,"total":0.020576999999999998,"children":null}}},"DecideAction":{"count":6307,"self":1.1894369,"total":1.2071321,"children":{"RayPerceptionSensor.Perceive":{"count":11358,"self":0.017695199999999998,"total":0.017695199999999998,"children":null}}},"AgentAct":{"count":6307,"self":0.12330089999999999,"total":0.12330089999999999,"children":null}},"gauges":{},"metadata":{"timer_format_version":"0.1.0","start_time_seconds":"1739293081","unity_version":"2022.3.45f1","command_line_arguments":"C:\\Program Files\\Unity\\Hub\\Editor\\2022.3.45f1\\Editor\\Unity.exe -projectpath C:\\Users\\klajd\\Documents\\Unity_Projects\\ML_Agents\\ML_Agents_Aircraft -useHub -hubIPC -cloudEnvironment production -licensingIpc LicenseClient-klajd -hubSessionId 8c1792a0-8dac-4e4a-b6f6-5cbfb0939c73 -accessToken Wm9MqfsfId2ZZak_f7rAq8cDADrfGEBKBlinzwZXA1o003f","communication_protocol_version":"1.5.0","com.unity.ml-agents_version":"2.0.1","scene_name":"Desert","end_time_seconds":"1739293212"}}