{"count":1,"self":292.2767616,"total":1882.5423564999999,"children":{"InitializeActuators":{"count":16,"self":0.00099589999999999987,"total":0.00099589999999999987,"children":null},"InitializeSensors":{"count":16,"self":0.0045438,"total":0.0045438,"children":null},"AgentSendState":{"count":436067,"self":52.2408672,"total":100.2095575,"children":{"CollectObservations":{"count":1395424,"self":23.8047008,"total":23.804701299999998,"children":null},"WriteActionMask":{"count":1395424,"self":0.7126779,"total":0.7126779,"children":null},"RequestDecision":{"count":1395424,"self":3.2724632,"total":23.4513109,"children":{"AgentInfo.ToProto":{"count":1395424,"self":2.1665144,"total":20.178847599999997,"children":{"GenerateSensorData":{"count":1395424,"self":13.2358728,"total":18.0123331,"children":{"RayPerceptionSensor.Perceive":{"count":4186272,"self":4.7764603999999995,"total":4.7764603999999995,"children":null}}}}}}}}},"DecideAction":{"count":436067,"self":1466.5081856,"total":1466.5081561,"children":null},"AgentAct":{"count":436067,"self":22.900497599999998,"total":23.213108899999998,"children":{"AgentInfo.ToProto":{"count":13427,"self":0.0395676,"total":0.3126111,"children":{"GenerateSensorData":{"count":13427,"self":0.2057712,"total":0.2730435,"children":{"RayPerceptionSensor.Perceive":{"count":40281,"self":0.0672723,"total":0.0672723,"children":null}}}}}}},"AgentInfo.ToProto":{"count":13228,"self":0.0649993,"total":0.3292233,"children":{"GenerateSensorData":{"count":13228,"self":0.2036179,"total":0.264224,"children":{"RayPerceptionSensor.Perceive":{"count":39684,"self":0.060606099999999996,"total":0.060606099999999996,"children":null}}}}}},"gauges":{"AircraftLearning.CumulativeReward":{"count":26655,"max":9.787001,"min":-4.02100372,"runningAverage":-0.8557898,"value":-0.03219974,"weightedAverage":-0.7164876}},"metadata":{"timer_format_version":"0.1.0","start_time_seconds":"1743553710","unity_version":"2022.3.45f1","command_line_arguments":"C:\\Program Files\\Unity\\Hub\\Editor\\2022.3.45f1\\Editor\\Unity.exe -projectpath C:\\Users\\klajd\\Documents\\Unity_Projects\\ML_Agents\\ML_Agents_Aircraft -useHub -hubIPC -cloudEnvironment production -licensingIpc LicenseClient-klajd -hubSessionId ba658ff8-1ecd-47ad-84ea-3abc35e558b8 -accessToken 8GXkvaOKcSW8agX13LYZ5dXPkR0k2leAFWXOFP4Fnlk003f","communication_protocol_version":"1.5.0","com.unity.ml-agents_version":"2.0.1","scene_name":"Training","end_time_seconds":"1743555593"}}